Tanggal,PPT,,,OTG,OTG,,,PDP,,,Negatif,Positif,Sembuh,Kematian
,Baru,Selesai ,Masih,,Baru,Selesai ,Masih,Baru,Kumulatif,,,,,
16-Mar-20,0,0,241,0,0,0,0,0,0,,0,0,0,0
17-Mar-20,0,0,344,0,0,0,0,0,0,,0,0,0,0
18-Mar-20,0,0,435,0,0,0,0,0,0,,0,0,0,0
19-Mar-20,0,0,443,0,0,0,20,0,0,,0,0,0,0
20-Mar-20,0,0,472,0,0,0,21,0,4,,0,0,0,0
21-Mar-20,0,0,491,0,0,0,19,0,4,,0,0,0,0
22-Mar-20,0,0,643,0,0,0,26,0,4,,0,0,0,0
23-Mar-20,193,20,836,0,23,5,44,1,5,,0,0,0,0
24-Mar-20,230,20,1026,0,59,6,97,0,5,,0,0,0,0
25-Mar-20,151,38,1139,0,10,13,94,0,5,,0,0,0,0
26-Mar-20,245,13,1347,0,33,48,79,1,6,,0,2,0,0
27-Mar-20,316,32,1631,0,28,17,90,1,7,,0,3,0,1
28-Mar-20,332,28,1935,0,52,17,125,1,8,,4,4,0,1
29-Mar-20,222,39,2118,0,14,37,102,0,8,,4,4,0,1
30-Mar-20,357,88,2387,0,16,25,93,1,9,,4,5,0,1
31-Mar-20,386,46,2727,0,25,22,96,2,11,,4,6,0,1
1-Apr-20,267,99,2895,0,15,36,75,0,11,,4,6,0,1
2-Apr-20,238,59,3074,0,15,8,82,4,15,,4,8,0,1
3-Apr-20,309,94,3289,200,11,19,74,3,18,,4,8,0,1
4-Apr-20,213,131,3371,204,6,11,69,0,18,,4,8,0,1
5-Apr-20,135,112,3394,204,11,11,69,0,18,,4,8,0,1
6-Apr-20,156,170,3380,216,9,21,57,4,22,,5,12,0,1
7-Apr-20,188,140,3428,223,13,12,58,3,25,,9,15,0,1
8-Apr-20,132,189,3371,228,6,26,38,3,28,,9,15,2,1
9-Apr-20,110,194,3371,251,2,4,36,0,30,,9,18,2,2
10-Apr-20,110,194,3287,251,2,4,36,0,30,,9,18,4,2
11-Apr-20,98,171,3018,254,6,16,26,2,32,,10,19,4,2
12-Apr-20,174,214,2978,274,2,12,16,11,43,,11,30,4,2
13-Apr-20,73,166,2885,272,3,6,13,1,44,,12,31,4,2
14-Apr-20,158,144,2889,294,1,1,13,4,48,,12,33,4,3
15-Apr-20,177,203,2873,329,18,6,25,5,53,,12,37,4,3
16-Apr-20,170,130,2913,361,16,3,38,1,54,,13,37,4,4
17-Apr-20,117,152,2644,390,6,7,37,4,58,,13,40,7,4
18-Apr-20,102,105,2875,435,6,5,38,10,68,,13,48,8,6
19-Apr-20,104,102,2877,442,14,8,44,2,70,,15,48,8,6
20-Apr-20,104,87,2894,465,7,9,42,2,72,,15,48,8,7
21-Apr-20,198,179,2913,480,13,4,51,4,76,,15,50,9,7
22-Apr-20,139,122,2930,486,7,13,45,0,80,,15,50,11,7
23-Apr-20,127,109,2948,147,4,12,37,0,81,,15,53,11,8
24-Apr-20,122,62,3008,152,8,3,42,9,90,,16,59,13,8
25-Apr-20,113,88,3033,155,6,5,43,0,96,,16,61,13,9
26-Apr-20,78,111,3000,165,14,10,47,0,100,,21,64,13,9
27-Apr-20,27,70,2975,145,0,9,38,0,112,,21,78,14,11
28-Apr-20,58,71,2944,107,9,3,44,0,130,,22,96,15,11
29-Apr-20,50,136,2858,153,3,7,40,0,133,,23,97,17,12
30-Apr-20,24,101,2781,179,7,8,39,0,138,,28,99,19,12
1-May-20,17,95,2703,137,3,6,36,0,146,,30,107,19,12
2-May-20,14,72,2645,119,2,7,31,0,148,,35,108,20,12
3-May-20,31,54,2622,50,5,5,31,0,160,,35,117,22,12
4-May-20,2,99,2599,208,10,10,31,0,166,,35,118,24,12
5-May-20,5,96,2508,226,3,0,34,0,186,,37,131,24,13
6-May-20,11,85,2434,365,5,18,21,0,99,,40,137,27,13
7-May-20,4,132,2306,356,12,4,29,0,116,,47,139,27,13
8-May-20,14,68,2252,361,22,0,51,0,118,,36,153,36,14
9-May-20,8,59,2201,447,18,3,66,0,123,,56,166,36,14
10-May-20,8,54,2155,293,10,3,73,0,130,,60,177,40,14
11-May-20,2,48,2109,479,5,4,74,0,135,,60,177,40,14
12-May-20,12,35,2086,110,15,3,86,0,145,,60,189,43,15
13-May-20,2,24,2064,125,15,8,93,0,153,,60,203,44,16
14-May-20,1,19,2046,293,15,0,108,0,164,,72,230,45,16
15-May-20,9,30,2025,392,22,7,123,0,175,,79,249,47,16
16-May-20,7,17,2015,381,15,0,138,0,188,,81,250,53,16
17-May-20,12,5359,7377,223,0,586,736,0,197,,93,261,57,16
18-May-20,6,5382,7371,193,0,586,739,0,202,,104,262,57,16
19-May-20,5,5436,7381,111,0,572,749,0,214,,105,270,64,16
20-May-20,8,5575,7392,54,0,615,761,0,217,,115,275,68,17
21-May-20,13,5493,7246,41,0,668,766,0,229,,119,279,74,17
22-May-20,4,5711,7405,36,0,630,771,0,232,,119,279,87,17
23-May-20,0,5798,7401,80,0,738,784,0,241,,129,284,90,17
24-May-20,5,5958,7411,36,0,739,739,0,241,,129,308,100,17
25-May-20,6,6084,7418,36,0,753,784,0,244,,129,308,100,17
26-May-20,0,6232,7412,143,0,756,787,0,247,,133,339,112,17
27-May-20,4,6351,7420,423,0,762,810,0,252,,139,357,127,18
28-May-20,5,6480,7426,449,0,767,832,0,273,,155,361,129,18
29-May-20,0,6644,7421,507,0,767,837,0,281,,159,361,137,18
30-May-20,4,6755,7429,336,0,779,842,0,292,,169,369,145,18
31-May-20,0,6811,7425,122,0,790,858,0,296,,169,384,152,18
1-Jun-20,1,6881,7427,122,0,813,862,0,299,,179,384,152,18
2-Jun-20,2,6979,7430,132,0,816,862,0,301,,179,389,155,18
3-Jun-20,9,7024,7446,184,0,819,874,0,324,,179,395,177,18
4-Jun-20,6,7065,7449,97,0,823,879,0,333,,179,403,189,18
5-Jun-20,0,7095,7443,113,0,832,880,0,336,,179,416,193,20
6-Jun-20,9,7136,7461,95,0,835,886,0,345,,186,424,195,20
7-Jun-20,15,7182,7482,74,0,836,889,0,350,,196,429,202,20
8-Jun-20,1,7214,7469,192,0,836,892,0,359,,198,429,202,20
9-Jun-20,0,7252,7468,128,0,839,894,0,362,,212,447,211,22
10-Jun-20,2,7292,7492,75,0,845,896,0,368,,213,462,228,22
11-Jun-20,0,7313,7474,116,0,845,907,0,374,,235,464,228,22
12-Jun-20,4,7346,7480,161,0,846,919,0,385,,240,474,238,22
13-Jun-20,3,7366,7482,628,0,846,922,0,394,,247,477,243,22
14-Jun-20,2,7398,7483,378,0,849,924,0,394,,254,484,249,23
15-Jun-20,1,7424,7483,443,0,868,924,0,404,,265,484,252,23
16-Jun-20,1,7440,7484,157,0,872,930,0,406,,271,488,280,23
17-Jun-20,10,7456,7503,235,0,874,940,0,413,,275,492,284,23
18-Jun-20,7,7466,7507,195,0,885,945,0,416,,284,497,297,23
19-Jun-20,11,7472,7522,344,0,915,958,0,426,,286,501,304,23
20-Jun-20,0,7476,7511,467,0,918,979,0,426,,292,502,310,23
21-Jun-20,0,7482,7511,313,0,50,991,0,445,,297,502,314,23
22-Jun-20,0,7487,7811,374,0,931,993,0,447,,447,502,314,23
23-Jun-20,2,7490,7515,404,0,964,1005,0,449,,298,502,344,23
24-Jun-20,0,7492,7513,182,0,973,1024,0,476,,333,502,364,23
25-Jun-20,5,7492,7523,167,0,974,1025,0,483,,341,504,380,23
26-Jun-20,0,7497,7518,190,0,975,1032,0,493,,347,504,391,23
27-Jun-20,0,7497,7518,66,0,987,1052,0,500,,354,506,402,23
28-Jun-20,2,7499,7520,41,0,1005,1066,0,507,,364,506,405,23
29-Jun-20,4,7502,7526,41,0,1032,1084,0,511,,379,506,405,23
30-Jun-20,3,7505,7528,305,0,1047,1115,0,517,,388,506,418,23
1-Jul-20,3,7507,7531,488,0,1053,1135,0,527,,393,519,424,23
2-Jul-20,5,7515,7538,352,0,1064,1157,0,529,,410,523,432,23
3-Jul-20,28,7530,7588,403,0,1082,1180,0,536,,413,532,434,23
5-Jul-20,0,7532,7574,236,0,1105,1201,0,549,,430,546,436,23
6-Jul-20,6,7532,7586,284,0,1164,1205,0,549,,436,546,436,23
7-Jul-20,5,7532,7590,335,0,1220,1231,0,559,,448,549,446,23
8-Jul-20,0,7532,7585,236,0,1241,1246,0,565,,449,549,449,24
9-Jul-20,3,7532,7591,143,0,1252,1261,0,575,,464,551,452,24
10-Jul-20,0,7532,7588,178,0,1253,1272,0,582,,475,558,457,24
11-Jul-20,0,7532,7588,131,0,1263,1275,0,584,,490,561,460,24
12-Jul-20,2,7535,7592,61,0,1272,1297,0,592,,501,563,464,24
13-Jul-20,0,7581,7590,61,0,1277,1297,0,592,,508,563,464,24
14-Jul-20,0,7581,7590,79,0,1287,1309,0,599,,521,565,473,24
15-Jul-20,0,7581,7590,82,0,1316,1345,0,605,,527,566,474,24
16-Jul-20,0,7583,7590,89,0,1319,1370,0,612,,527,567,477,24
17-Jul-20,0,7583,7588,23,0,1361,1397,0,622,,531,567,478,24
18-Jul-20,1,7587,7592,20,0,1392,1410,0,623,,539,570,481,24
19-Jul-20,0,7588,7591,49,0,1416,1441,0,625,,544,578,484,25
20-Jul-20,0,7588,7591,49,0,1444,1441,0,626,,546,578,484,25
21-Jul-20,0,7588,7591,37,0,1458,1460,0,630,,547,581,487,25
22-Jul-20,0,7588,7591,38,0,1470,1474,0,640,,553,591,488,25
23-Jul-20,0,7589,7591,70,0,1476,1487,0,643,,554,592,491,25
24-Jul-20,0,7589,7591,41,0,1480,1501,0,647,,559,595,491,25
25-Jul-20,0,7590,7591,60,0,1485,1518,0,650,,567,603,499,25
26-Jul-20,0,7590,7591,63,0,1508,1545,0,653,,570,606,506,25
27-Jul-20,1,7951,7953,0,0,0,0,0,0,,0,606,513,25
28-Jul-20,0,0,0,0,0,0,0,0,0,,0,609,515,25
29-Jul-20,0,0,0,0,0,0,0,0,0,,0,625,521,25
30-Jul-20,0,0,0,0,0,0,0,0,0,,0,637,523,26
31-Jul-20,0,7590,7591,0,0,0,38,0,0,,0,661,526,26
1-Aug-20,4,7595,7599,0,0,0,96,0,0,,0,661,526,26
2-Aug-20,4,7595,7599,0,0,0,105,0,0,,0,668,533,26
3-Aug-20,0,7595,7603,0,0,0,96,0,0,,0,681,535,26
4-Aug-20,0,7595,7603,0,0,0,145,0,0,,0,683,538,26
5-Aug-20,0,7595,7597,0,0,0,202,0,0,,0,698,541,26
6-Aug-20,0,7595,7605,0,0,0,239,0,0,,0,709,546,26
7-Aug-20,0,7596,7611,0,0,0,210,0,0,,0,745,552,26
8-Aug-20,0,7596,7611,0,0,0,149,0,0,,0,761,557,26
9-Aug-20,0,7597,7613,0,0,0,273,0,0,,0,772,560,26
10-Aug-20,0,7597,7615,0,0,0,251,0,0,,0,787,568,26
11-Aug-20,0,7597,7615,0,0,0,149,0,0,,0,792,582,26
12-Aug-20,0,7597,7618,0,0,0,141,0,0,,0,813,585,27
13-Aug-20,0,7602,7626,0,0,0,166,0,0,,0,820,597,28
14-Aug-20,0,7608,7639,0,0,0,242,0,0,,0,839,608,28
15-Aug-20,0,7612,7645,0,0,0,378,0,0,,0,863,618,28
16-Aug-20,0,7618,7645,0,0,0,438,0,0,,0,868,629,28
17-Aug-20,0,7618,7645,0,0,0,498,0,0,,0,879,647,28
18-Aug-20,0,7618,7645,0,0,0,363,0,0,,0,897,649,29
19-Aug-20,0,7620,7660,0,0,0,221,0,0,,0,905,661,31
20-Aug-20,0,7625,7668,0,0,0,115,0,0,,0,920,673,31
21-Aug-20,0,7625,7668,0,0,0,109,0,0,,0,944,691,32
22-Aug-20,0,7625,7668,0,0,0,57,0,0,,0,972,693,33
23-Aug-20,0,7627,7669,0,0,0,116,0,0,,0,993,716,33
24-Aug-20,0,7630,7673,0,0,0,38,0,0,,0,1005,724,33
25-Aug-20,0,7636,7680,0,0,0,205,0,0,,0,1034,749,33
26-Aug-20,0,7636,7680,0,0,0,195,0,0,,0,1085,766,35
27-Aug-20,0,7638,7687,0,0,0,200,0,0,,0,1096,784,35
28-Aug-20,0,7643,7698,0,0,0,173,0,0,,0,1112,791,36
29-Aug-20,0,7646,7698,0,0,0,188,0,0,,0,1157,799,37
30-Aug-20,0,7646,7700,0,0,0,179,0,0,,0,1192,827,37
31-Aug-20,0,7657,7708,0,0,0,246,0,0,,0,1224,837,37
1-Sep-20,0,7657,7708,0,0,0,162,0,0,,0,1242,839,37
2-Sep-20,0,7663,7718,0,0,0,162,0,0,,0,1266,887,37
3-Sep-20,0,7688,7741,0,0,0,158,0,0,,0,1285,895,37
4-Sep-20,0,7694,7747,0,0,0,164,0,0,,0,1330,930,39
5-Sep-20,0,7694,7754,0,0,0,176,0,0,,0,1360,937,39
6-Sep-20,0,7696,7754,0,0,0,201,0,0,,0,1448,958,39
7-Sep-20,0,7754,7811,0,0,0,200,0,0,,0,1462,987,39
8-Sep-20,0,7697,7754,0,0,0,193,0,0,,0,1518,1007,39
9-Sep-20,0,7700,7766,0,0,0,246,0,0,,0,1566,1046,39
10-Sep-20,0,7766,7826,0,0,0,260,0,0,,0,1591,1059,39
11-Sep-20,0,7717,7766,0,0,0,205,0,0,,0,1604,1088,39
12-Sep-20,0,7717,7768,0,0,0,187,0,0,,0,1667,1089,39
13-Sep-20,0,7717,7768,0,0,0,186,0,0,,0,1705,1103,42
14-Sep-20,0,7717,7770,0,0,0,167,0,0,,0,1760,1142,43
15-Sep-20,0,7707,7760,0,0,0,189,0,0,,0,1824,1156,48
16-Sep-20,0,7727,7770,0,0,0,250,0,0,,0,1850,1191,48
17-Sep-20,0,7727,7780,0,0,0,268,0,0,,0,1908,1213,48
18-Sep-20,0,7747,7798,0,0,0,259,0,0,,0,1952,1258,49
19-Sep-20,0,7750,7804,0,0,0,335,0,0,,0,2029,1259,50
20-Sep-20,0,7750,7804,0,0,0,287,0,0,,0,2082,1324,51
21-Sep-20,0,7760,7824,0,0,0,298,0,0,,0,2171,1398,51
22-Sep-20,0,7760,7824,0,0,0,259,0,0,,0,2277,1412,52
23-Sep-20,0,7760,7824,0,0,0,260,0,0,,0,2385,1505,54
24-Sep-20,0,7760,7824,0,0,0,274,0,0,,0,2501,1539,57
25-Sep-20,0,7760,7824,0,0,0,297,0,0,,0,2616,1589,58
26-Sep-20,0,7760,7824,0,0,0,326,0,0,,0,2718,1647,60
27-Sep-20,0,7760,7824,0,0,0,309,0,0,,0,2791,1675,61
28-Sep-20,0,7760,7824,0,0,0,272,0,0,,0,2886,1699,62
29-Sep-20,0,7760,7824,0,0,0,256,0,0,,0,2989,1712,62
30-Sep-20,0,7760,7824,0,0,0,252,0,0,,0,3029,1773,64
1-Oct-20,0,7760,7824,0,0,0,267,0,0,,0,3126,1863,67
2-Oct-20,0,7760,7824,0,0,0,305,0,0,,0,3231,1973,70
3-Oct-20,0,7760,7824,0,0,0,273,0,0,,0,3330,2045,75
4-Oct-20,0,7760,7824,0,0,0,225,0,0,,0,3470,2135,78
5-Oct-20,0,7760,7824,0,0,0,218,0,0,,0,3600,2232,80
6-Oct-20,0,7760,7824,0,0,0,199,0,0,,0,3640,2310,80
7-Oct-20,0,7760,7824,0,0,0,177,0,0,,0,3799,2397,81
8-Oct-20,0,7760,7824,0,0,0,181,0,0,,0,3929,2446,81
9-Oct-20,0,7760,7824,0,0,0,303,0,0,,0,4059,2542,84
10-Oct-20,0,7760,7824,0,0,0,321,0,0,,0,4177,2617,86
11-Oct-20,0,7760,7824,0,0,0,354,0,0,,0,4406,2672,88
12-Oct-20,0,7760,7824,0,0,0,278,0,0,,0,4529,2752,89
13-Oct-20,0,7760,7824,0,0,0,403,0,0,,0,4680,2817,91
14-Oct-20,0,7815,7855,0,0,0,444,0,0,,0,4971,2894,92
15-Oct-20,0,7817,7859,0,0,0,420,0,0,,0,5227,3069,93
16-Oct-20,0,7817,7859,0,0,0,370,0,0,,0,5574,3113,99
17-Oct-20,0,7817,7859,0,0,0,432,0,0,,0,5812,3190,101
18-Oct-20,0,7817,7859,0,0,0,500,0,0,,0,5978,3225,102
19-Oct-20,0,7817,7859,0,0,0,488,0,0,,0,6124,3327,103
20-Oct-20,0,7836,7861,0,0,0,453,0,0,,0,6237,3438,105
21-Oct-20,0,7840,7861,0,0,0,398,0,0,,0,6426,3555,106
22-Oct-20,0,7840,7865,0,0,0,397,0,0,,0,6572,3640,106
23-Oct-20,0,7840,7865,0,0,0,395,0,0,,0,6735,3700,110
24-Oct-20,0,7842,7887,0,0,0,395,0,0,,0,6941,3813,111
25-Oct-20,0,7842,7887,0,0,0,404,0,0,,0,7205,3893,114
26-Oct-20,0,7842,7887,0,0,0,363,0,0,,0,7367,4035,120
27-Oct-20,0,7862,7914,0,0,0,398,0,0,,0,7554,4153,121
28-Oct-20,0,7862,7914,0,0,0,499,0,0,,0,7721,4910,124
29-Oct-20,0,7862,7914,0,0,0,437,0,0,,0,7958,5092,126
30-Oct-20,0,7862,7914,0,0,0,432,0,0,,0,8138,5189,129
31-Oct-20,0,7862,7914,0,0,0,386,0,0,,0,8339,5426,131
1-Nov-20,0,7882,7914,0,0,0,387,0,0,,0,8482,5926,134
2-Nov-20,0,7882,7914,0,0,0,286,0,0,,0,8584,6491,137
3-Nov-20,0,7882,7914,0,0,0,283,0,0,,0,8616,6596,140
4-Nov-20,0,7892,7937,0,0,0,434,0,0,,0,8709,6849,141
5-Nov-20,0,7892,7937,0,0,0,354,0,0,,0,8874,7012,145
6-Nov-20,0,7892,7937,0,0,0,426,0,0,,0,8958,7243,146
7-Nov-20,0,7892,7937,0,0,0,374,0,0,,0,9052,7575,153
8-Nov-20,0,7892,7937,0,0,0,340,0,0,,0,9150,7727,154
9-Nov-20,0,7892,7937,0,0,0,236,0,0,,0,9223,7838,154
10-Nov-20,0,7932,7937,0,0,0,358,0,0,,0,9274,8027,158
11-Nov-20,0,7937,7937,0,0,0,411,0,0,,0,9398,8151,159
12-Nov-20,0,7937,7937,0,0,0,439,0,0,,0,9479,8251,164
13-Nov-20,0,7937,7937,0,0,0,484,0,0,,0,9553,8356,171
14-Nov-20,0,7937,7937,0,0,0,449,0,0,,0,9689,8475,176
15-Nov-20,0,7937,7952,0,0,0,183,0,0,,0,9782,8556,177
16-Nov-20,0,7937,7952,0,0,0,369,0,0,,0,9801,8626,179
17-Nov-20,0,7937,7952,0,0,0,369,0,0,,0,9847,8726,181
18-Nov-20,0,7977,7997,0,0,0,365,0,0,,0,9964,8859,189
19-Nov-20,0,7960,7977,0,0,0,371,0,0,,0,10043,8964,190
20-Nov-20,0,7960,7977,0,0,0,328,0,0,,0,10130,9064,193
21-Nov-20,0,7960,7977,0,0,0,339,0,0,,0,10219,9158,201
22-Nov-20,0,7960,7977,0,0,0,188,0,0,,0,10328,9207,203
23-Nov-20,0,7960,7977,0,0,0,406,0,0,,0,10336,9239,203
24-Nov-20,0,7960,7977,0,0,0,469,0,0,,0,10369,9340,203
25-Nov-20,0,7960,7977,0,0,0,452,0,0,,0,10465,9431,207
26-Nov-20,0,7960,7977,0,0,0,216,0,0,,0,10563,9495,209
27-Nov-20,0,7960,7977,0,0,0,415,0,0,,0,10657,9583,210
28-Nov-20,0,7960,7977,0,0,0,526,0,0,,0,10754,9659,213
29-Nov-20,0,7960,7977,0,0,0,293,0,0,,0,10905,9722,214
30-Nov-20,0,7977,7977,0,0,0,262,0,0,,0,10960,9750,215
1-Dec-20,0,7977,7977,0,0,0,300,0,0,,0,10980,9835,216
2-Dec-20,0,7977,7977,0,0,0,319,0,0,,0,11080,9892,218
3-Dec-20,0,7992,8007,0,0,0,344,0,0,,0,11147,9973,219
4-Dec-20,0,7992,8007,0,0,0,355,0,0,,0,11229,10142,223
5-Dec-20,0,7992,8007,0,0,0,408,0,0,,0,11277,10224,226
6-Dec-20,0,7992,8007,0,0,0,414,0,0,,0,11335,10324,226
7-Dec-20,0,7992,8007,0,0,0,257,0,0,,0,11376,10359,228
8-Dec-20,0,7992,8007,0,0,0,374,0,0,,0,11413,10421,230
9-Dec-20,0,7992,8007,0,0,0,309,0,0,,0,11486,10524,232
10-Dec-20,0,7992,8007,0,0,0,252,0,0,,0,11541,10593,233
11-Dec-20,0,8007,8007,0,0,0,228,0,0,,0,11578,10719,234
12-Dec-20,0,8007,8007,0,0,0,228,0,0,,0,11620,10819,236
13-Dec-20,0,8007,8007,0,0,0,273,0,0,,0,11659,10884,236
14-Dec-20,0,8007,8007,0,0,0,273,0,0,,0,11689,10907,237
15-Dec-20,0,8007,8007,0,0,0,221,0,0,,0,11704,10993,238
16-Dec-20,0,8007,8007,0,0,0,282,0,0,,0,11772,11069,239
17-Dec-20,0,8007,8007,0,0,0,222,0,0,,0,11807,11115,240
18-Dec-20,0,8007,8007,0,0,0,260,0,0,,0,11864,11146,240
19-Dec-20,0,8007,8007,0,0,0,229,0,0,,0,11931,11179,240
20-Dec-20,0,8007,8007,0,0,0,173,0,0,,0,11985,11253,242
21-Dec-20,0,8007,8007,0,0,0,238,0,0,,0,12043,11265,242
22-Dec-20,0,8007,8007,0,0,0,295,0,0,,0,12065,11335,245
23-Dec-20,0,8007,8007,0,0,0,322,0,0,,0,12139,11406,249
24-Dec-20,0,8007,8007,0,0,0,384,0,0,,0,12179,11482,250
25-Dec-20,0,8007,8007,0,0,0,335,0,0,,0,12228,11547,250
26-Dec-20,0,8007,8007,0,0,0,282,0,0,,0,12252,11581,251
27-Dec-20,0,8007,8007,0,0,0,204,0,0,,0,12289,11617,252
28-Dec-20,0,8007,8007,0,0,0,204,0,0,,0,12298,11627,252
29-Dec-20,0,8007,8007,0,0,0,291,0,0,,0,12333,11683,254
30-Dec-20,0,8007,8007,0,0,0,363,0,0,,0,12401,11758,255
31-Dec-20,0,8007,8007,0,0,0,319,0,0,,0,12446,11788,255
1-Jan-21,0,8007,8007,0,0,0,293,0,0,,0,12511,11837,256
2-Jan-21,0,8007,8007,0,0,0,288,0,0,,0,12527,11851,256
3-Jan-21,0,8007,8007,0,0,0,325,0,0,,0,12571,11883,257
4-Jan-21,0,8007,8007,0,0,0,263,0,0,,0,12586,11891,257
5-Jan-21,0,8007,8007,0,0,0,375,0,0,,0,12610,11916,259
6-Jan-21,0,8007,8007,0,0,0,415,0,0,,0,12706,11939,259
7-Jan-21,0,8007,8007,0,0,0,334,0,0,,0,12775,11976,260
8-Jan-21,0,8007,8007,0,0,0,334,0,0,,0,12825,12089,260
9-Jan-21,0,8007,8007,0,0,0,295,0,0,,0,12872,12137,261
10-Jan-21,0,8007,8007,0,0,0,286,0,0,,0,12872,12161,262
11-Jan-21,0,8007,8007,0,0,0,289,0,0,,0,12872,12172,262
12-Jan-21,0,8007,8007,0,0,0,289,0,0,,0,12895,12215,262
13-Jan-21,0,8007,8007,0,0,0,258,0,0,,0,12933,12306,264
14-Jan-21,0,8007,8007,0,0,0,258,0,0,,0,12995,12376,264
15-Jan-21,0,8007,8007,0,0,0,349,0,0,,0,13028,12422,265
16-Jan-21,0,8007,8007,0,0,0,379,0,0,,0,13059,12454,265
17-Jan-21,0,8007,8007,0,0,0,285,0,0,,0,13115,12475,265
18-Jan-21,0,8007,8007,0,0,0,334,0,0,,0,13128,12484,265
19-Jan-21,0,8007,8007,0,0,0,327,0,0,,0,13154,12563,266
20-Jan-21,0,8007,8007,0,0,0,456,0,0,,0,13194,12601,267
21-Jan-21,0,8007,8007,0,0,0,418,0,0,,0,13233,12644,268
22-Jan-21,0,8007,8007,0,0,0,293,0,0,,0,13270,12690,268
23-Jan-21,0,8007,8007,0,0,0,298,0,0,,0,13306,12726,268
24-Jan-21,0,8007,8007,0,0,0,286,0,0,,0,13332,12753,268
25-Jan-21,0,8007,8007,0,0,0,263,0,0,,0,13348,12761,270
26-Jan-21,0,8007,8007,0,0,0,198,0,0,,0,13355,12824,270
27-Jan-21,0,8007,8007,0,0,0,325,0,0,,0,13385,12855,271
28-Jan-21,0,8007,8007,0,0,0,294,0,0,,0,13416,12891,272
29-Jan-21,0,8007,8007,0,0,0,320,0,0,,0,13434,12913,275
30-Jan-21,0,8007,8007,0,0,0,322,0,0,,0,13462,12952,275
31-Jan-21,0,8007,8007,0,0,0,263,0,0,,0,13490,12972,275
1-Feb-21,0,8007,8007,0,0,0,308,0,0,,0,13504,12988,275
2-Feb-21,0,8007,8007,0,0,0,294,0,0,,0,13515,13029,276
3-Feb-21,0,8007,8007,0,0,0,280,0,0,,0,13564,13051,277
4-Feb-21,0,8007,8007,0,0,0,334,0,0,,0,13593,13074,278
5-Feb-21,0,8007,8007,0,0,0,324,0,0,,0,13611,13103,279
6-Feb-21,0,8007,8007,0,0,0,292,0,0,,0,13639,13138,279
7-Feb-21,0,8007,8007,0,0,0,299,0,0,,0,13698,13161,280
8-Feb-21,0,8007,8007,0,0,0,293,0,0,,0,13711,13169,280
9-Feb-21,0,8007,8007,0,0,0,377,0,0,,0,13737,13212,280
10-Feb-21,0,8007,8007,0,0,0,415,0,0,,0,13819,13228,281
11-Feb-21,0,8007,8007,0,0,0,372,0,0,,0,13849,13258,281
12-Feb-21,0,8007,8007,0,0,0,364,0,0,,0,13903,13266,282
13-Feb-21,0,8007,8007,0,0,0,339,0,0,,0,13945,13287,282
14-Feb-21,0,8007,8007,0,0,0,339,0,0,,0,13978,13318,282
15-Feb-21,0,8007,8007,0,0,0,326,0,0,,0,13982,13327,282
16-Feb-21,0,8007,8007,0,0,0,214,0,0,,0,14007,13405,282
17-Feb-21,0,8007,8007,0,0,0,398,0,0,,0,14038,13445,282
18-Feb-21,0,8007,8007,0,0,0,418,0,0,,0,14093,13485,282
19-Feb-21,0,8007,8007,0,0,0,416,0,0,,0,14139,13517,282
20-Feb-21,0,8007,8007,0,0,0,425,0,0,,0,14182,13554,283
21-Feb-21,0,8007,8007,0,0,0,389,0,0,,0,14223,13590,283
22-Feb-21,0,8007,8007,0,0,0,337,0,0,,0,14236,13603,283
23-Feb-21,0,8007,8007,0,0,0,374,0,0,,0,14265,13630,284
24-Feb-21,0,8007,8007,0,0,0,402,0,0,,0,14313,13680,284
25-Feb-21,0,8007,8007,0,0,0,395,0,0,,0,14352,13734,284
26-Feb-21,0,8007,8007,0,0,0,521,0,0,,0,14391,13775,284
27-Feb-21,0,8007,8007,0,0,0,388,0,0,,0,14420,13810,284
28-Feb-21,0,8007,8007,0,0,0,416,0,0,,0,14458,13836,284
1-Mar-21,0,8007,8007,0,0,0,356,0,0,,0,14475,13848,285
2-Mar-21,0,8007,8007,0,0,0,286,0,0,,0,14500,13901,286
3-Mar-21,0,8007,8007,0,0,0,303,0,0,,0,14557,13944,286
4-Mar-21,0,8007,8007,0,0,0,333,0,0,,0,14585,13972,286
5-Mar-21,0,8007,8007,0,0,0,344,0,0,,0,14631,14001,287
6-Mar-21,0,8007,8007,0,0,0,346,0,0,,0,14659,14057,287
7-Mar-21,0,8007,8007,0,0,0,350,0,0,,0,14691,14071,287
8-Mar-21,0,8007,8007,0,0,0,277,0,0,,0,14695,14085,287
9-Mar-21,0,8007,8007,0,0,0,308,0,0,,0,14722,14114,288
10-Mar-21,0,8007,8007,0,0,0,379,0,0,,0,14777,14157,288
11-Mar-21,0,8007,8007,0,0,0,446,0,0,,0,14820,14188,288
12-Mar-21,0,8007,8007,0,0,0,340,0,0,,0,14850,14207,289
13-Mar-21,0,8007,8007,0,0,0,302,0,0,,0,14874,14244,290
14-Mar-21,0,8007,8007,0,0,0,288,0,0,,0,14935,14270,291
15-Mar-21,0,8007,8007,0,0,0,26,0,0,,0,14944,14288,291
16-Mar-21,0,8007,8007,0,0,0,90,0,0,,0,14966,14322,291
17-Mar-21,0,8007,8007,0,0,0,361,0,0,,0,15038,14375,292
18-Mar-21,0,8007,8007,0,0,0,370,0,0,,0,15081,14404,292
19-Mar-21,0,8007,8007,0,0,0,403,0,0,,0,15136,14439,293
20-Mar-21,0,8007,8007,0,0,0,344,0,0,,0,15172,14456,294
21-Mar-21,0,8007,8007,0,0,0,298,0,0,,0,15199,14580,296
22-Mar-21,0,8007,8007,0,0,0,250,0,0,,0,15226,14596,296
23-Mar-21,0,8007,8007,0,0,0,292,0,0,,0,15259,14656,297
24-Mar-21,0,8007,8007,0,0,0,329,0,0,,0,15279,14699,297
25-Mar-21,0,8007,8007,0,0,0,346,0,0,,0,15300,14738,297
26-Mar-21,0,8007,8007,0,0,0,361,0,0,,0,15336,14782,297
27-Mar-21,0,8007,8007,0,0,0,327,0,0,,0,15382,14827,298
28-Mar-21,0,8007,8007,0,0,0,317,0,0,,0,15421,14864,298
29-Mar-21,0,8007,8007,0,0,0,263,0,0,,0,15443,14876,298
30-Mar-21,0,8007,8007,0,0,0,281,0,0,,0,15477,14932,298
31-Mar-21,0,8007,8007,0,0,0,337,0,0,,0,15533,14947,298
1-Apr-21,0,8007,8007,0,0,0,313,0,0,,0,15558,14974,299
2-Apr-21,0,8007,8007,0,0,0,323,0,0,,0,15613,15024,299
3-Apr-21,0,8007,8007,0,0,0,295,0,0,,0,15642,15033,299
4-Apr-21,0,8007,8007,0,0,0,261,0,0,,0,15672,15069,299
4-Apr-21,0,8007,8007,0,0,0,261,0,0,,0,15672,15069,299
5-Apr-21,0,8007,8007,0,0,0,240,0,0,,0,15716,15081,300
6-Apr-21,0,8007,8007,0,0,0,289,0,0,,0,15767,15144,300
7-Apr-21,0,8007,8007,0,0,0,302,0,0,,0,15807,15175,301
8-Apr-21,0,8007,8007,0,0,0,369,0,0,,0,15898,15215,302
9-Apr-21,0,8007,8007,0,0,0,361,0,0,,0,15944,15253,302
10-Apr-21,0,8007,8007,0,0,0,331,0,0,,0,16001,15292,304
11-Apr-21,0,8007,8007,0,0,0,322,0,0,,0,16046,15342,304
12-Apr-21,0,8007,8007,0,0,0,287,0,0,,0,16071,15356,305
13-Apr-21,0,8007,8007,0,0,0,282,0,0,,0,16119,15425,306
14-Apr-21,0,8007,8007,0,0,0,349,0,0,,0,16193,15470,306
15-Apr-21,0,8007,8007,0,0,0,369,0,0,,0,16246,15533,307
16-Apr-21,0,8007,8007,0,0,0,382,0,0,,0,16315,15585,307
17-Apr-21,0,8007,8007,0,0,0,355,0,0,,0,16376,15638,309
18-Apr-21,0,8007,8007,0,0,0,355,0,0,,0,16442,15675,309
19-Apr-21,0,8007,8007,0,0,0,276,0,0,,0,16476,15695,310
20-Apr-21,0,8007,8007,0,0,0,315,0,0,,0,16560,15765,312
21-Apr-21,0,8007,8007,0,0,0,336,0,0,,0,16829,15815,315
22-Apr-21,0,8007,8007,0,0,0,376,0,0,,0,16951,15868,315
23-Apr-21,0,8007,8007,0,0,0,336,0,0,,0,17037,15911,315
24-Apr-21,0,8007,8007,0,0,0,303,0,0,,0,17150,16085,316
25-Apr-21,0,8007,8007,0,0,0,307,0,0,,0,17238,16134,316
26-Apr-21,0,8007,8007,0,0,0,252,0,0,,0,17271,16164,319
27-Apr-21,0,8007,8007,0,0,0,299,0,0,,0,17387,16319,320
28-Apr-21,0,8007,8007,0,0,0,344,0,0,,0,17455,16405,320
29-Apr-21,0,8007,8007,0,0,0,304,0,0,,0,17534,16513,321
30-Apr-21,0,8007,8007,0,0,0,298,0,0,,0,17598,16584,323
1-May-21,0,8007,8007,0,0,0,297,0,0,,0,17654,16681,324
2-May-21,0,8007,8007,0,0,0,262,0,0,,0,17749,16708,6
3-May-21,0,8007,8007,0,0,0,259,0,0,,0,17765,16736,6
4-May-21,0,8007,8007,0,0,0,292,0,0,,0,17825,16887,327
5-May-21,0,8007,8007,0,0,0,320,0,0,,0,17936,16974,327
6-May-21,0,8007,8007,0,0,0,344,0,0,,0,18071,17064,330
7-May-21,0,8007,8007,0,0,0,346,0,0,,0,18157,17154,332
8-May-21,0,8007,8007,0,0,0,306,0,0,,0,18243,17233,332
9-May-21,0,8007,8007,0,0,0,313,0,0,,0,18328,17276,334
10-May-21,0,8007,8007,0,0,0,273,0,0,,0,18373,17295,337
11-May-21,0,8007,8007,0,0,0,274,0,0,,0,18430,17476,338
12-May-21,0,8007,8007,0,0,0,285,0,0,,0,18574,17603,338
13-May-21,0,8007,8007,0,0,0,271,0,0,,0,18601,17646,338
16-May-21,0,8007,8007,0,0,0,225,0,0,,0,18681,17726,340
17-May-21,0,8007,8007,0,0,0,219,0,0,,0,18736,17770,342
18-May-21,0,8007,8007,0,0,0,271,0,0,,0,18868,17919,343
19-May-21,0,8007,8007,0,0,0,356,0,0,,0,19010,18034,344
20-May-21,0,8007,8007,0,0,0,340,0,0,,0,19166,18103,345
21-May-21,0,8007,8007,0,0,0,372,0,0,,0,19274,18148,347
22-May-21,0,8007,8007,0,0,0,384,0,0,,0,19375,18206,347
23-May-21,0,8007,8007,0,0,0,292,0,0,,0,19503,18288,351
24-May-21,0,8007,8007,0,0,0,279,0,0,,0,19562,18318,351
25-May-21,0,8007,8007,0,0,0,324,0,0,,0,19663,18420,351
26-May-21,0,8007,8007,0,0,0,340,0,0,,0,19790,18587,352
27-May-21,0,8007,8007,0,0,0,319,0,0,,0,19879,18617,353
28-May-21,0,8007,8007,0,0,0,335,0,0,,0,19942,18745,355
29-May-21,0,8007,8007,0,0,0,337,0,0,,0,20101,18899,355
30-May-21,0,8007,8007,0,0,0,294,0,0,,0,20173,18957,359
31-May-21,0,8007,8007,0,0,0,272,0,0,,0,20200,18988,359
1-Jun-21,0,8007,8007,0,0,0,290,0,0,,0,20245,19165,359
2-Jun-21,0,8007,8007,0,0,0,310,0,0,,0,20326,19194,359
3-Jun-21,0,8007,8007,0,0,0,325,0,0,,0,20371,19327,359
4-Jun-21,0,8007,8007,0,0,0,397,0,0,,0,20504,19422,360
5-Jun-21,0,8007,8007,0,0,0,365,0,0,,0,20613,19515,363
6-Jun-21,0,8007,8007,0,0,0,337,0,0,,0,20794,19602,363
7-Jun-21,0,8007,8007,0,0,0,287,0,0,,0,20862,19632,368
8-Jun-21,0,8007,8007,0,0,0,283,0,0,,0,20888,19677,370
9-Jun-21,0,8007,8007,0,0,0,333,0,0,,0,21012,19799,371
10-Jun-21,0,8007,8007,0,0,0,328,0,0,,0,21087,19858,371
11-Jun-21,0,8007,8007,0,0,0,357,0,0,,0,21188,20041,373
12-Jun-21,0,8007,8007,0,0,0,312,0,0,,0,21269,20175,373
13-Jun-21,0,8007,8007,0,0,0,302,0,0,,0,21343,20260,374
14-Jun-21,0,8007,8007,0,0,0,287,0,0,,0,21377,20295,374
15-Jun-21,0,8007,8007,0,0,0,270,0,0,,0,21422,20441,378
16-Jun-21,0,8007,8007,0,0,0,332,0,0,,0,21483,20516,379
17-Jun-21,0,8007,8007,0,0,0,337,0,0,,0,21542,20592,379
18-Jun-21,0,8007,8007,0,0,0,304,0,0,,0,21625,20678,382
19-Jun-21,0,8007,8007,0,0,0,259,0,0,,0,21665,20745,383
20-Jun-21,0,8007,8007,0,0,0,246,0,0,,0,21729,20810,387
21-Jun-21,0,8007,8007,0,0,0,226,0,0,,0,21763,20825,388
22-Jun-21,0,8007,8007,0,0,0,227,0,0,,0,21853,20923,389
23-Jun-21,0,8007,8007,0,0,0,295,0,0,,0,21960,20984,389
24-Jun-21,0,8007,8007,0,0,0,273,0,0,,0,22022,21028,390
25-Jun-21,0,8007,8007,0,0,0,272,0,0,,0,22183,21120,390
26-Jun-21,0,8007,8007,0,0,0,263,0,0,,0,22292,21196,392
27-Jun-21,0,8007,8007,0,0,0,245,0,0,,0,22388,21246,394
28-Jun-21,0,8007,8007,0,0,0,238,0,0,,0,22461,21265,395
29-Jun-21,0,8007,8007,0,0,0,248,0,0,,0,22527,21385,398
30-Jun-21,0,8007,8007,0,0,0,297,0,0,,0,22755,21445,398
1-Jul-21,0,8007,8007,0,0,0,259,0,0,,0,23053,21532,399
2-Jul-21,0,8007,8007,0,0,0,58,0,0,,0,23282,21644,401
3-Jul-21,0,8007,8007,0,0,0,238,0,0,,0,23501,21735,401
4-Jul-21,0,8007,8007,0,0,0,274,0,0,,0,23699,21787,402
5-Jul-21,0,8007,8007,0,0,0,262,0,0,,0,23743,21804,406
6-Jul-21,0,8007,8007,0,0,0,249,0,0,,0,23862,21979,407
7-Jul-21,0,8007,8007,0,0,0,237,0,0,,0,24256,22035,410
8-Jul-21,0,8007,8007,0,0,0,279,0,0,,0,24618,22199,410
9-Jul-21,0,8007,8007,0,0,0,284,0,0,,0,25003,22373,417
10-Jul-21,0,8007,8007,0,0,0,265,0,0,,0,25359,22512,420
11-Jul-21,0,8007,8007,0,0,0,295,0,0,,0,25670,22681,422
12-Jul-21,0,0,0,0,0,0,0,0,0,,0,25830,22800,423
13-Jul-21,0,8007,8007,0,0,0,275,0,0,,0,26026,22981,423
14-Jul-21,0,8007,8007,0,0,0,214,0,0,,0,26618,23195,423
15-Jul-21,0,8007,8007,0,0,0,313,0,0,,0,26961,23454,424
16-Jul-21,0,8007,8007,0,0,0,301,0,0,,0,27353,23637,428
17-Jul-21,0,8007,8007,0,0,0,334,0,0,,0,27713,23854,429
18-Jul-21,0,8007,8007,0,0,0,293,0,0,,0,28187,24099,429
19-Jul-21,0,8007,8007,0,0,0,266,0,0,,0,28647,24316,431
20-Jul-21,0,8007,8007,0,0,0,251,0,0,,0,28887,24498,436
21-Jul-21,0,8007,8007,0,0,0,234,0,0,,0,29254,24686,442
22-Jul-21,0,8007,8007,0,0,0,270,0,0,,0,29761,25134,444
23-Jul-21,0,8007,8007,0,0,0,290,0,0,,0,30112,25298,446
24-Jul-21,0,8007,8007,0,0,0,306,0,0,,0,30541,25653,450
25-Jul-21,0,8007,8007,0,0,0,274,0,0,,0,30838,25852,450
26-Jul-21,0,8007,8007,0,0,0,260,0,0,,0,31344,26261,459
27-Jul-21,0,8007,8007,0,0,0,266,0,0,,0,31829,26747,461
28-Jul-21,0,8007,8007,0,0,0,250,0,0,,0,32356,27221,463
29-Jul-21,0,8007,8007,0,0,0,250,0,0,,0,32969,27848,463
30-Jul-21,0,8007,8007,0,0,0,169,0,0,,0,33488,28343,465
31-Jul-21,0,8007,8007,0,0,0,273,0,0,,0,34037,28832,468
1-Aug-21,0,8007,8007,0,0,0,253,0,0,,0,34360,29234,468
2-Aug-21,0,8007,8007,0,0,0,230,0,0,,0,34951,29765,470
3-Aug-21,0,8007,8007,0,0,0,264,0,0,,0,35325,30127,472
4-Aug-21,0,8007,8007,0,0,0,156,0,0,,0,35938,30639,479
5-Aug-21,0,8007,8007,0,0,0,333,0,0,,0,36376,31107,481
6-Aug-21,0,8007,8007,0,0,0,277,0,0,,0,36769,31508,482
7-Aug-21,0,8007,8007,0,0,0,278,0,0,,0,37014,31930,485
8-Aug-21,0,8007,8007,0,0,0,263,0,0,,0,37365,32331,488
9-Aug-21,0,8007,8007,0,0,0,152,0,0,,0,37471,32535,490
10-Aug-21,0,8007,8007,0,0,0,255,0,0,,0,37684,32936,490
11-Aug-21,0,8007,8007,0,0,0,278,0,0,,0,38075,33442,491
12-Aug-21,0,8007,8007,0,0,0,278,0,0,,0,38260,33643,492
13-Aug-21,0,8007,8007,0,0,0,239,0,0,,0,38543,34309,494
14-Aug-21,0,8007,8007,0,0,0,251,0,0,,0,38795,34729,497
15-Aug-21,0,8007,8007,0,0,0,262,0,0,,0,39011,35140,499
16-Aug-21,0,8007,8007,0,0,0,235,0,0,,0,39079,35342,502
17-Aug-21,0,8007,8007,0,0,0,224,0,0,,0,39192,35686,503
18-Aug-21,0,8007,8007,0,0,0,230,0,0,,0,39386,36027,503
19-Aug-21,0,8007,8007,0,0,0,237,0,0,,0,39458,36236,504
20-Aug-21,0,8007,8007,0,0,0,232,0,0,,0,39622,36588,508
21-Aug-21,0,8007,8007,0,0,0,240,0,0,,0,39847,37106,509
22-Aug-21,0,8007,8007,0,0,0,236,0,0,,0,40016,37480,511
23-Aug-21,0,8007,8007,0,0,0,206,0,0,,0,40037,37574,512
24-Aug-21,0,8007,8007,0,0,0,241,0,0,,0,40212,37902,513
25-Aug-21,0,8007,8007,0,0,0,249,0,0,,0,40380,38134,515
26-Aug-21,0,8007,8007,0,0,0,241,0,0,,0,40561,38364,518
27-Aug-21,0,8007,8007,0,0,0,252,0,0,,0,40694,38582,519
28-Aug-21,0,8007,8007,0,0,0,253,0,0,,0,40836,38745,519
29-Aug-21,0,8007,8007,0,0,0,232,0,0,,0,40923,38948,520
30-Aug-21,0,8007,8007,0,0,0,230,0,0,,0,40948,38979,521
31-Aug-21,0,8007,8007,0,0,0,258,0,0,,0,41052,39199,523
1-Sep-21,0,8007,8007,0,0,0,229,0,0,,0,41141,39361,525
2-Sep-21,0,8007,8007,0,0,0,237,0,0,,0,41209,39527,528
3-Sep-21,0,8007,8007,0,0,0,261,0,0,,0,41284,39704,528
4-Sep-21,0,8007,8007,0,0,0,259,0,0,,0,41356,39912,530
5-Sep-21,0,8007,8007,0,0,0,260,0,0,,0,41402,40074,530
6-Sep-21,0,8007,8007,0,0,0,224,0,0,,0,41419,40119,533
7-Sep-21,0,8007,8007,0,0,0,250,0,0,,0,41478,40270,533
8-Sep-21,0,8007,8007,0,0,0,231,0,0,,0,41518,40373,533
9-Sep-21,0,8007,8007,0,0,0,243,0,0,,0,41550,40448,533
10-Sep-21,0,8007,8007,0,0,0,233,0,0,,0,41598,40521,533
11-Sep-21,0,8007,8007,0,0,0,228,0,0,,0,41640,40602,535
12-Sep-21,0,8007,8007,0,0,0,229,0,0,,0,41685,40676,535
13-Sep-21,0,8007,8007,0,0,0,227,0,0,,0,41695,40707,536
14-Sep-21,0,8007,8007,0,0,0,222,0,0,,0,41737,40781,538
15-Sep-21,0,8007,8007,0,0,0,234,0,0,,0,41776,40837,538
16-Sep-21,0,8007,8007,0,0,0,231,0,0,,0,41804,40896,539
17-Sep-21,0,8007,8007,0,0,0,221,0,0,,0,41873,40937,539
18-Sep-21,0,8007,8007,0,0,0,218,0,0,,0,41901,40990,539
19-Sep-21,0,8007,8007,0,0,0,221,0,0,,0,41917,41028,539
20-Sep-21,0,8007,8007,0,0,0,201,0,0,,0,41919,41036,541
21-Sep-21,0,8007,8007,0,0,0,223,0,0,,0,41940,41093,543
22-Sep-21,0,8007,8007,0,0,0,228,0,0,,0,41956,41143,545
23-Sep-21,0,8007,8007,0,0,0,228,0,0,,0,41970,41173,546
24-Sep-21,0,8007,8007,0,0,0,228,0,0,,0,41989,41215,546
25-Sep-21,0,8007,8007,0,0,0,218,0,0,,0,42004,41248,547
26-Sep-21,0,8007,8007,0,0,0,217,0,0,,0,42018,41284,548
27-Sep-21,0,8007,8007,0,0,0,202,0,0,,0,42023,41298,549
28-Sep-21,0,8007,8007,0,0,0,186,0,0,,0,42044,41336,549
29-Sep-21,0,8007,8007,0,0,0,180,0,0,,0,42053,41359,549
30-Sep-21,0,8007,8007,0,0,0,163,0,0,,0,42061,41378,549
1-Oct-21,0,8007,8007,0,0,0,163,0,0,,0,42070,41398,549
2-Oct-21,0,8007,8007,0,0,0,157,0,0,,0,42078,41424,550
3-Oct-21,0,8007,8007,0,0,0,132,0,0,,0,42081,41436,550
4-Oct-21,0,8007,8007,0,0,0,114,0,0,,0,42085,41440,550
5-Oct-21,0,8007,8007,0,0,0,117,0,0,,0,42090,41457,550
6-Oct-21,0,8007,8007,0,0,0,105,0,0,,0,42107,41477,550
7-Oct-21,0,8007,8007,0,0,0,92,0,0,,0,42115,41490,551
8-Oct-21,0,8007,8007,0,0,0,106,0,0,,0,42122,41503,552
9-Oct-21,0,8007,8007,0,0,0,96,0,0,,0,42127,41510,552
10-Oct-21,0,8007,8007,0,0,0,92,0,0,,0,42128,41521,552
11-Oct-21,0,8007,8007,0,0,0,92,0,0,,0,42128,41523,552
12-Oct-21,0,8007,8007,0,0,0,100,0,0,,0,42131,41534,552
13-Oct-21,0,8007,8007,0,0,0,101,0,0,,0,42133,41541,552
14-Oct-21,0,8007,8007,0,0,0,102,0,0,,0,42136,41546,552
15-Oct-21,0,8007,8007,0,0,0,97,0,0,,0,42143,41553,552
16-Oct-21,0,8007,8007,0,0,0,86,0,0,,0,42145,41557,552
17-Oct-21,0,8007,8007,0,0,0,79,0,0,,0,42149,41560,552
18-Oct-21,0,8007,8007,0,0,0,79,0,0,,0,42151,41562,552
19-Oct-21,0,8007,8007,0,0,0,94,0,0,,0,42158,41568,552
20-Oct-21,0,8007,8007,0,0,0,90,0,0,,0,42163,41574,552
21-Oct-21,0,8007,8007,0,0,0,81,0,0,,0,42164,41576,552
22-Oct-21,0,8007,8007,0,0,0,80,0,0,,0,42170,41584,552
23-Oct-21,0,8007,8007,0,0,0,80,0,0,,0,42173,41588,552
24-Oct-21,0,8007,8007,0,0,0,75,0,0,,0,42178,41590,552
25-Oct-21,0,8007,8007,0,0,0,75,0,0,,0,42188,41595,552
26-Oct-21,0,8007,8007,0,0,0,87,0,0,,0,42189,41600,552
27-Oct-21,0,8007,8007,0,0,0,83,0,0,,0,42190,41603,552
28-Oct-21,0,8007,8007,0,0,0,85,0,0,,0,42192,41606,552
29-Oct-21,0,8007,8007,0,0,0,80,0,0,,0,42192,41613,552
30-Oct-21,0,8007,8007,0,0,0,75,0,0,,0,42195,41617,552
31-Oct-21,0,8007,8007,0,0,0,73,0,0,,0,42197,41621,552
1-Nov-21,0,8007,8007,0,0,0,68,0,0,,0,42198,41622,552
2-Nov-21,0,8007,8007,0,0,0,62,0,0,,0,42200,41624,552
3-Nov-21,0,8007,8007,0,0,0,65,0,0,,0,42205,41627,552
4-Nov-21,0,8007,8007,0,0,0,65,0,0,,0,42205,41629,552
5-Nov-21,0,8007,8007,0,0,0,55,0,0,,0,42205,41634,552
6-Nov-21,0,8007,8007,0,0,0,53,0,0,,0,42207,41637,553
7-Nov-21,0,8007,8007,0,0,0,53,0,0,,0,42212,41640,553
8-Nov-21,0,8007,8007,0,0,0,45,0,0,,0,42212,41640,553
9-Nov-21,0,8007,8007,0,0,0,45,0,0,,0,42212,41642,554
10-Nov-21,0,8007,8007,0,0,0,48,0,0,,0,42214,41648,554
11-Nov-21,0,8007,8007,0,0,0,48,0,0,,0,42215,41650,554
12-Nov-21,0,8007,8007,0,0,0,43,0,0,,0,42216,41652,554
13-Nov-21,0,8007,8007,0,0,0,43,0,0,,0,42218,41654,554
14-Nov-21,0,8007,8007,0,0,0,41,0,0,,0,42219,41657,554
15-Nov-21,0,8007,8007,0,0,0,41,0,0,,0,42219,41657,554
16-Nov-21,0,8007,8007,0,0,0,38,0,0,,0,42220,41659,554
17-Nov-21,0,8007,8007,0,0,0,38,0,0,,0,42224,41660,554
18-Nov-21,0,8007,8007,0,0,0,38,0,0,,0,42224,41661,554
19-Nov-21,0,8007,8007,0,0,0,37,0,0,,0,42224,41662,554
20-Nov-21,0,8007,8007,0,0,0,37,0,0,,0,42224,41664,554
21-Nov-21,0,8007,8007,0,0,0,35,0,0,,0,42224,41666,554
22-Nov-21,0,8007,8007,0,0,0,35,0,0,,0,42224,41668,554
23-Nov-21,0,8007,8007,0,0,0,30,0,0,,0,42225,41668,554
24-Nov-21,0,8007,8007,0,0,0,30,0,0,,0,42226,41668,554
25-Nov-21,0,8007,8007,0,0,0,25,0,0,,0,42226,41669,554
26-Nov-21,0,8007,8007,0,0,0,25,0,0,,0,42226,41670,554
27-Nov-21,0,8007,8007,0,0,0,23,0,0,,0,42226,41670,554
28-Nov-21,0,8007,8007,0,0,0,23,0,0,,0,42226,41670,554
29-Nov-21,0,8007,8007,0,0,0,18,0,0,,0,42226,41671,554
30-Nov-21,0,8007,8007,0,0,0,18,0,0,,0,42227,41672,554
1-Nov-21,0,8007,8007,0,0,0,15,0,0,,0,42228,41672,554
2-Nov-21,0,8007,8007,0,0,0,15,0,0,,0,42229,41673,554
3-Nov-21,0,8007,8007,0,0,0,15,0,0,,0,42230,41673,554
4-Nov-21,0,8007,8007,0,0,0,15,0,0,,0,42231,41673,554
5-Nov-21,0,8007,8007,0,0,0,15,0,0,,0,42232,41673,554
6-Nov-21,0,8007,8007,0,0,0,15,0,0,,0,42232,41675,554
7-Nov-21,0,8007,8007,0,0,0,15,0,0,,0,42232,41675,554
8-Nov-21,0,8007,8007,0,0,0,15,0,0,,0,42234,41676,554
9-Nov-21,0,8007,8007,0,0,0,15,0,0,,0,42234,41676,554
10-Nov-21,0,8007,8007,0,0,0,15,0,0,,0,42235,41677,554
11-Nov-21,0,8007,8007,0,0,0,15,0,0,,0,42237,41679,554
12-Dec-21,0,8007,8007,0,0,0,15,0,0,,0,42237,41679,554
13-Dec-21,0,8007,8007,0,0,0,15,0,0,,0,42238,41679,554
14-Dec-21,0,8007,8007,0,0,0,15,0,0,,0,42238,41680,554
15-Dec-21,0,8007,8007,0,0,0,15,0,0,,0,42238,41681,554
16-Dec-21,0,8007,8007,0,0,0,15,0,0,,0,42239,41681,554
17-Dec-21,0,8007,8007,0,0,0,15,0,0,,0,42239,41681,554
18-Dec-21,0,8007,8007,0,0,0,15,0,0,,0,42240,41683,554
19-Dec-21,0,8007,8007,0,0,0,15,0,0,,0,42240,41684,554
20-Dec-21,0,8007,8007,0,0,0,15,0,0,,0,42240,41684,554
21-Dec-21,0,8007,8007,0,0,0,15,0,0,,0,42240,41684,554
22-Dec-21,0,8007,8007,0,0,0,15,0,0,,0,42240,41685,554
23-Dec-21,0,8007,8007,0,0,0,15,0,0,,0,42240,41686,554
24-Dec-21,0,8007,8007,0,0,0,15,0,0,,0,42240,41686,554
25-Dec-21,0,8007,8007,0,0,0,15,0,0,,0,42241,41686,554
26-Dec-21,0,8007,8007,0,0,0,15,0,0,,0,42241,41686,554
27-Dec-21,0,8007,8007,0,0,0,15,0,0,,0,42241,41686,554
28-Dec-21,0,8007,8007,0,0,0,15,0,0,,0,42241,41686,554
29-Dec-21,0,8007,8007,0,0,0,15,0,0,,0,42241,41686,554
30-Dec-21,0,8007,8007,0,0,0,15,0,0,,0,42242,41686,554
31-Dec-21,0,8007,8007,0,0,0,15,0,0,,0,42242,41687,554
1-Jan-22,0,8007,8007,0,0,0,15,0,0,,0,42242,41687,554
2-Jan-22,0,8007,8007,0,0,0,15,0,0,,0,42242,41687,554
3-Jan-22,0,8007,8007,0,0,0,15,0,0,,0,42242,41687,554
5-Jan-22,0,8007,8007,0,0,0,15,0,0,,0,42243,41687,554
6-Jan-22,0,8007,8007,0,0,0,15,0,0,,0,42243,41687,554
7-Jan-22,0,8007,8007,0,0,0,15,0,0,,0,42243,41688,554
8-Jan-22,0,8007,8007,0,0,0,15,0,0,,0,42243,41688,554
9-Jan-22,0,8007,8007,0,0,0,15,0,0,,0,42243,41688,554
10-Jan-22,0,8007,8007,0,0,0,15,0,0,,0,42243,41688,554
11-Jan-22,0,8007,8007,0,0,0,15,0,0,,0,42243,41688,554
12-Jan-22,0,8007,8007,0,0,0,15,0,0,,0,42244,41688,554
13-Jan-22,0,8007,8007,0,0,0,15,0,0,,0,42246,41688,554
14-Jan-22,0,8007,8007,0,0,0,15,0,0,,0,42246,41688,554
15-Jan-22,0,8007,8007,0,0,0,15,0,0,,0,42246,41688,554
16-Jan-22,0,8007,8007,0,0,0,15,0,0,,0,42246,41688,554
17-Jan-22,0,8007,8007,0,0,0,15,0,0,,0,42246,41689,554
18-Jan-22,0,8007,8007,0,0,0,15,0,0,,0,42248,41689,554
19-Jan-22,0,8007,8007,0,0,0,15,0,0,,0,42250,41689,554
20-Jan-22,0,8007,8007,0,0,0,15,0,0,,0,42251,41691,554
21-Jan-22,0,8007,8007,0,0,0,15,0,0,,0,42252,41691,554
22-Jan-22,0,8007,8007,0,0,0,15,0,0,,0,42255,41691,554
23-Jan-22,0,8007,8007,0,0,0,15,0,0,,0,42256,41692,554
24-Jan-22,0,8007,8007,0,0,0,15,0,0,,0,42257,41692,554
25-Jan-22,0,8007,8007,0,0,0,15,0,0,,0,42260,41693,554
26-Jan-22,0,8007,8007,0,0,0,15,0,0,,0,42265,41694,554
27-Jan-22,0,8007,8007,0,0,0,15,0,0,,0,42272,41696,554
28-Jan-22,0,8007,8007,0,0,0,15,0,0,,0,42277,41698,554
29-Jan-22,0,8007,8007,0,0,0,15,0,0,,0,42294,41701,554
30-Jan-22,0,8007,8007,0,0,0,15,0,0,,0,42309,41705,554
31-Jan-22,0,8007,8007,0,0,0,15,0,0,,0,42311,41705,554
1-Feb-22,0,8007,8007,0,0,0,15,0,0,,0,42335,41710,554
2-Feb-22,0,8007,8007,0,0,0,15,0,0,,0,42342,41712,554
3-Feb-22,0,8007,8007,0,0,0,0,0,0,,0,42366,41715,554
4-Feb-22,0,8007,8007,0,0,0,0,0,0,,0,42416,41720,554
5-Feb-22,0,8007,8007,0,0,0,0,0,0,,0,42472,41734,554
6-Feb-22,0,8007,8007,0,0,0,0,0,0,,0,42538,41746,554
7-Feb-22,0,8007,8007,0,0,0,0,0,0,,0,42551,41753,554
8-Feb-22,0,8007,8007,0,0,0,0,0,0,,0,42649,41779,554
9-Feb-22,0,8007,8007,0,0,0,0,0,0,,0,42794,41799,555
10-Feb-22,0,8007,8007,0,0,0,0,0,0,,0,42922,41829,555
11-Feb-22,0,8007,8007,0,0,0,0,0,0,,0,0,0,0
14-Feb-22,0,8007,8007,0,0,0,0,0,0,,0,1345,268,1
15-Feb-22,0,8007,8007,0,0,0,0,0,0,,0,1710,346,1
16-Feb-22,0,8007,8007,0,0,0,0,0,0,,0,2107,407,1
17-Feb-22,0,8007,8007,0,0,0,0,0,0,,0,2437,493,1
18-Feb-22,0,8007,8007,0,0,0,0,0,0,,0,2857,628,1
19-Feb-22,0,8007,8007,0,0,0,0,0,0,,0,3259,716,1
20-Feb-22,0,8007,8007,0,0,0,0,0,0,,0,3624,853,1
21-Feb-22,0,8007,8007,0,0,0,0,0,0,,0,3689,873,2
22-Feb-22,0,8007,8007,0,0,0,0,0,0,,0,4143,1156,2
23-Feb-22,0,8007,8007,0,0,0,0,0,0,,0,4530,1227,3
24-Feb-22,0,8007,8007,0,0,0,0,0,0,,0,4868,1468,4
25-Feb-22,0,8007,8007,0,0,0,0,0,0,,0,5158,1611,4
26-Feb-22,0,8007,8007,0,0,0,0,0,0,,0,5384,1823,5
27-Feb-22,0,8007,8007,0,0,0,0,0,0,,0,5568,2037,5
28-Feb-22,0,8007,8007,0,0,0,0,0,0,,0,5627,2164,5
1-Mar-22,0,8007,8007,0,0,0,0,0,0,,0,5679,2239,6
2-Mar-22,0,8007,8007,0,0,0,0,0,0,,0,5916,2560,7
3-Mar-22,0,8007,8007,0,0,0,0,0,0,,0,6074,2700,7
4-Mar-22,0,8007,8007,0,0,0,0,0,0,,0,6112,2830,9
5-Mar-22,0,8007,8007,0,0,0,0,0,0,,0,6277,2878,9
6-Mar-22,0,8007,8007,0,0,0,0,0,0,,0,6350,3045,9
7-Mar-22,0,8007,8007,0,0,0,0,0,0,,0,6404,3293,10
8-Mar-22,0,8007,8007,0,0,0,0,0,0,,0,6538,3736,12
9-Mar-22,0,8007,8007,0,0,0,0,0,0,,0,6626,3945,14
10-Mar-22,0,8007,8007,0,0,0,0,0,0,,0,6685,4245,17
11-Mar-22,0,8007,8007,0,0,0,0,0,0,,0,6756,4448,18
12-Mar-22,0,8007,8007,0,0,0,0,0,0,,0,6826,4694,21
13-Mar-22,0,8007,8007,0,0,0,0,0,0,,0,6870,4857,21
14-Mar-22,0,8007,8007,0,0,0,0,0,0,,0,6894,4878,23
15-Mar-22,0,8007,8007,0,0,0,0,0,0,,0,6964,5092,26
16-Mar-22,0,8007,8007,0,0,0,0,0,0,,0,6994,5308,27
17-Mar-22,0,8007,8007,0,0,0,0,0,0,,0,7031,5496,29
18-Mar-22,0,8007,8007,0,0,0,0,0,0,,0,7063,5585,29
19-Mar-22,0,8007,8007,0,0,0,0,0,0,,0,7093,5594,29
20-Mar-22,0,8007,8007,0,0,0,0,0,0,,0,7104,5618,29
21-Mar-22,0,8007,8007,0,0,0,0,0,0,,0,7121,5805,29
22-Mar-22,0,8007,8007,0,0,0,0,0,0,,0,7151,5848,29
23-Mar-22,0,8007,8007,0,0,0,0,0,0,,0,7171,5965,30
24-Mar-22,0,8007,8007,0,0,0,0,0,0,,0,7190,6101,30
25-Mar-22,0,8007,8007,0,0,0,0,0,0,,0,7220,6204,31
26-Mar-22,0,8007,8007,0,0,0,0,0,0,,0,7232,6332,32
27-Mar-22,0,8007,8007,0,0,0,0,0,0,,0,7240,6441,32
28-Mar-22,0,8007,8007,0,0,0,0,0,0,,0,7252,6627,33
29-Mar-22,0,8007,8007,0,0,0,0,0,0,,0,7261,6696,33
30-Mar-22,0,8007,8007,0,0,0,0,0,0,,0,7269,6793,33
31-Mar-22,0,8007,8007,0,0,0,0,0,0,,0,7282,6855,34
1-Apr-22,0,8007,8007,0,0,0,0,0,0,,0,7295,6982,34
2-Apr-22,0,8007,8007,0,0,0,0,0,0,,0,7302,6989,34
3-Apr-22,0,8007,8007,0,0,0,0,0,0,,0,7305,6990,34
4-Apr-22,0,8007,8007,0,0,0,0,0,0,,0,7306,6990,34
5-Apr-22,0,8007,8007,0,0,0,0,0,0,,0,7315,7024,35
6-Apr-22,0,8007,8007,0,0,0,0,0,0,,0,7322,7070,36
7-Apr-22,0,8007,8007,0,0,0,0,0,0,,0,7329,7081,36
8-Apr-22,0,8007,8007,0,0,0,0,0,0,,0,7330,7098,36
9-Apr-22,0,8007,8007,0,0,0,0,0,0,,0,7338,7108,36
10-Apr-22,0,8007,8007,0,0,0,0,0,0,,0,7343,7112,36
11-Apr-22,0,8007,8007,0,0,0,0,0,0,,0,7348,7137,36
12-Apr-22,0,8007,8007,0,0,0,0,0,0,,0,7358,7137,36
13-Apr-22,0,8007,8007,0,0,0,0,0,0,,0,7366,7152,36
14-Apr-22,0,8007,8007,0,0,0,0,0,0,,0,7373,7164,36
15-Apr-22,0,8007,8007,0,0,0,0,0,0,,0,7374,7213,36
16-Apr-22,0,8007,8007,0,0,0,0,0,0,,0,7375,7233,36
17-Apr-22,0,8007,8007,0,0,0,0,0,0,,0,7378,7234,36
18-Apr-22,0,8007,8007,0,0,0,0,0,0,,0,7385,7240,36
19-Apr-22,0,8007,8007,0,0,0,0,0,0,,0,7390,7242,36
20-Apr-22,0,8007,8007,0,0,0,0,0,0,,0,7393,7246,36
21-Apr-22,0,8007,8007,0,0,0,0,0,0,,0,7399,7247,36
22-Apr-22,0,8007,8007,0,0,0,0,0,0,,0,7400,7248,36
23-Apr-22,0,8007,8007,0,0,0,0,0,0,,0,7401,7254,36
24-Apr-22,0,8007,8007,0,0,0,0,0,0,,0,7407,7254,36
25-Apr-22,0,8007,8007,0,0,0,0,0,0,,0,7407,7304,36
26-Apr-22,0,8007,8007,0,0,0,0,0,0,,0,7408,7311,36
27-Apr-22,0,8007,8007,0,0,0,0,0,0,,0,7410,7322,36
28-Apr-22,0,8007,8007,0,0,0,0,0,0,,0,7410,7348,36
29-Apr-22,0,8007,8007,0,0,0,0,0,0,,0,7414,7350,36
30-Apr-22,0,8007,8007,0,0,0,0,0,0,,0,7418,7350,36
1-May-22,0,8007,8007,0,0,0,0,0,0,,0,7419,7351,36
8-May-22,0,8007,8007,0,0,0,0,0,0,,0,7420,7352,36
9-May-22,0,8007,8007,0,0,0,0,0,0,,0,7421,7362,36
10-May-22,0,8007,8007,0,0,0,0,0,0,,0,7422,7368,36
11-May-22,0,8007,8007,0,0,0,0,0,0,,0,7423,7372,36
12-May-22,0,8007,8007,0,0,0,0,0,0,,0,7425,7372,36
13-May-22,0,8007,8007,0,0,0,0,0,0,,0,7427,7378,36
14-May-22,0,8007,8007,0,0,0,0,0,0,,0,7428,7378,36
15-May-22,0,8007,8007,0,0,0,0,0,0,,0,7429,7378,36
17-May-22,0,8007,8007,0,0,0,0,0,0,,0,7429,7379,36
20-May-22,0,8007,8007,0,0,0,0,0,0,,0,7430,7379,36
23-May-22,0,8007,8007,0,0,0,0,0,0,,0,7430,7385,36
24-May-22,0,8007,8007,0,0,0,0,0,0,,0,7431,7387,36
28-May-22,0,8007,8007,0,0,0,0,0,0,,0,7432,7387,36
30-May-22,0,8007,8007,0,0,0,0,0,0,,0,7432,7390,36
31-May-22,0,8007,8007,0,0,0,0,0,0,,0,7433,7390,36
2-Jun-22,0,8007,8007,0,0,0,0,0,0,,0,7434,7390,36
3-Jun-22,0,8007,8007,0,0,0,0,0,0,,0,7435,7390,36
6-Jun-22,0,8007,8007,0,0,0,0,0,0,,0,7435,7394,36
11-Jun-22,0,8007,8007,0,0,0,0,0,0,,0,7439,7395,36
16-Jun-22,0,8007,8007,0,0,0,0,0,0,,0,7439,7399,36
19-Jun-22,0,8007,8007,0,0,0,0,0,0,,0,7440,7399,36
21-Jun-22,0,8007,8007,0,0,0,0,0,0,,0,7441,7400,36
23-Jun-22,0,8007,8007,0,0,0,0,0,0,,0,7442,7400,36
25-Jun-22,0,8007,8007,0,0,0,0,0,0,,0,7443,7400,36
27-Jun-22,0,8007,8007,0,0,0,0,0,0,,0,7444,7402,36
28-Jun-22,0,8007,8007,0,0,0,0,0,0,,0,7446,7402,36
30-Jun-22,0,8007,8007,0,0,0,0,0,0,,0,7448,7402,36
2-Jul-22,0,8007,8007,0,0,0,0,0,0,,0,7449,7402,36
4-Jul-22,0,8007,8007,0,0,0,0,0,0,,0,7451,7403,36
5-Jul-22,0,8007,8007,0,0,0,0,0,0,,0,7452,7403,36
8-Jul-22,0,8007,8007,0,0,0,0,0,0,,0,7456,7403,36
9-Jul-22,0,8007,8007,0,0,0,0,0,0,,0,7459,7403,36
12-Jul-22,0,8007,8007,0,0,0,0,0,0,,0,7461,7403,36
14-Jul-22,0,8007,8007,0,0,0,0,0,0,,0,7466,7403,36
15-Jul-22,0,8007,8007,0,0,0,0,0,0,,0,7468,7403,36
17-Jul-22,0,8007,8007,0,0,0,0,0,0,,0,7469,7403,36
18-Jul-22,0,8007,8007,0,0,0,0,0,0,,0,7471,7418,36
19-Jul-22,0,8007,8007,0,0,0,0,0,0,,0,7474,7418,36
21-Jul-22,0,8007,8007,0,0,0,0,0,0,,0,7476,7418,36
22-Jul-22,0,8007,8007,0,0,0,0,0,0,,0,7479,7421,36
23-Jul-22,0,8007,8007,0,0,0,0,0,0,,0,7482,7421,36
24-Jul-22,0,8007,8007,0,0,0,0,0,0,,0,7483,7424,36
26-Jul-22,0,8007,8007,0,0,0,0,0,0,,0,7485,7424,36
27-Jul-22,0,8007,8007,0,0,0,0,0,0,,0,7492,7424,36
28-Jul-22,0,8007,8007,0,0,0,0,0,0,,0,7500,7424,36
29-Jul-22,0,8007,8007,0,0,0,0,0,0,,0,7513,7431,36
30-Jul-22,0,8007,8007,0,0,0,0,0,0,,0,7517,7431,36
31-Jul-22,0,8007,8007,0,0,0,0,0,0,,0,7518,7431,37
1-Aug-22,0,8007,8007,0,0,0,0,0,0,,0,7520,7433,37
2-Aug-22,0,8007,8007,0,0,0,0,0,0,,0,7528,7441,37
3-Aug-22,0,8007,8007,0,0,0,0,0,0,,0,7536,7443,37
4-Aug-22,0,8007,8007,0,0,0,0,0,0,,0,7545,7447,37
5-Aug-22,0,8007,8007,0,0,0,0,0,0,,0,7553,7458,37
6-Aug-22,0,8007,8007,0,0,0,0,0,0,,0,7558,7458,37
7-Aug-22,0,8007,8007,0,0,0,0,0,0,,0,7559,7458,37
8-Aug-22,0,8007,8007,0,0,0,0,0,0,,0,7562,7462,37
9-Aug-22,0,8007,8007,0,0,0,0,0,0,,0,7571,7462,37
10-Aug-22,0,8007,8007,0,0,0,0,0,0,,0,7582,7467,37
11-Aug-22,0,8007,8007,0,0,0,0,0,0,,0,7597,7467,37
12-Aug-22,0,8007,8007,0,0,0,0,0,0,,0,7616,7473,37
13-Aug-22,0,8007,8007,0,0,0,0,0,0,,0,7621,7473,37
14-Aug-22,0,8007,8007,0,0,0,0,0,0,,0,7630,7473,37
15-Aug-22,0,8007,8007,0,0,0,0,0,0,,0,7634,7485,37
16-Aug-22,0,8007,8007,0,0,0,0,0,0,,0,7647,7494,37
17-Aug-22,0,8007,8007,0,0,0,0,0,0,,0,7656,7494,37
18-Aug-22,0,8007,8007,0,0,0,0,0,0,,0,7659,7523,37
19-Aug-22,0,8007,8007,0,0,0,0,0,0,,0,7686,7533,37
20-Aug-22,0,8007,8007,0,0,0,0,0,0,,0,7702,7533,37
21-Aug-22,0,8007,8007,0,0,0,0,0,0,,0,7706,7533,37
22-Aug-22,0,8007,8007,0,0,0,0,0,0,,0,7714,7549,37
23-Aug-22,0,8007,8007,0,0,0,0,0,0,,0,7731,7556,37
24-Aug-22,0,8007,8007,0,0,0,0,0,0,,0,7739,7563,38
25-Aug-22,0,8007,8007,0,0,0,0,0,0,,0,7745,7567,38
26-Aug-22,0,8007,8007,0,0,0,0,0,0,,0,7754,7567,38
27-Aug-22,0,8007,8007,0,0,0,0,0,0,,0,7763,7567,38
28-Aug-22,0,8007,8007,0,0,0,0,0,0,,0,7775,7567,38
29-Aug-22,0,8007,8007,0,0,0,0,0,0,,0,7784,7614,38
30-Aug-22,0,8007,8007,0,0,0,0,0,0,,0,7792,7630,38
31-Aug-22,0,8007,8007,0,0,0,0,0,0,,0,7806,7643,40
1-Sep-22,0,8007,8007,0,0,0,0,0,0,,0,7814,7643,41
2-Sep-22,0,8007,8007,0,0,0,0,0,0,,0,7824,7664,41
3-Sep-22,0,8007,8007,0,0,0,0,0,0,,0,7832,7664,41
4-Sep-22,0,8007,8007,0,0,0,0,0,0,,0,7837,7664,41
5-Sep-22,0,8007,8007,0,0,0,0,0,0,,0,7845,7672,41
6-Sep-22,0,8007,8007,0,0,0,0,0,0,,0,7857,7683,41
7-Sep-22,0,8007,8007,0,0,0,0,0,0,,0,7861,7699,42
8-Sep-22,0,8007,8007,0,0,0,0,0,0,,0,7869,7711,42
9-Sep-22,0,8007,8007,0,0,0,0,0,0,,0,7877,7719,42
10-Sep-22,0,8007,8007,0,0,0,0,0,0,,0,7879,7719,42
11-Sep-22,0,8007,8007,0,0,0,0,0,0,,0,7885,7719,42
12-Sep-22,0,8007,8007,0,0,0,0,0,0,,0,7889,7774,42
13-Sep-22,0,8007,8007,0,0,0,0,0,0,,0,7895,7775,43
14-Sep-22,0,8007,8007,0,0,0,0,0,0,,0,7900,7782,43
15-Sep-22,0,8007,8007,0,0,0,0,0,0,,0,7904,7785,43
16-Sep-22,0,8007,8007,0,0,0,0,0,0,,0,7905,7792,44
17-Sep-22,0,8007,8007,0,0,0,0,0,0,,0,7912,7792,44
18-Sep-22,0,8007,8007,0,0,0,0,0,0,,0,7914,7792,44
19-Sep-22,0,8007,8007,0,0,0,0,0,0,,0,7919,7808,44
20-Sep-22,0,8007,8007,0,0,0,0,0,0,,0,7925,7820,44
21-Sep-22,0,8007,8007,0,0,0,0,0,0,,0,7927,7831,44
22-Sep-22,0,8007,8007,0,0,0,0,0,0,,0,7931,7833,44
23-Sep-22,0,8007,8007,0,0,0,0,0,0,,0,7933,7852,44
24-Sep-22,0,8007,8007,0,0,0,0,0,0,,0,7936,7852,44
25-Sep-22,0,8007,8007,0,0,0,0,0,0,,0,7942,7852,44
26-Sep-22,0,8007,8007,0,0,0,0,0,0,,0,7943,7852,44
27-Sep-22,0,8007,8007,0,0,0,0,0,0,,0,7948,7862,45
28-Sep-22,0,8007,8007,0,0,0,0,0,0,,0,7951,7865,45
29-Sep-22,0,8007,8007,0,0,0,0,0,0,,0,7956,7876,45
30-Sep-22,0,8007,8007,0,0,0,0,0,0,,0,7962,7878,45
1-Oct-22,0,8007,8007,0,0,0,0,0,0,,0,7966,7878,45
2-Oct-22,0,8007,8007,0,0,0,0,0,0,,0,7967,7878,45
3-Oct-22,0,8007,8007,0,0,0,0,0,0,,0,7971,7883,45
4-Oct-22,0,8007,8007,0,0,0,0,0,0,,0,7982,7889,45
5-Oct-22,0,8007,8007,0,0,0,0,0,0,,0,7985,7891,45
6-Oct-22,0,8007,8007,0,0,0,0,0,0,,0,7987,7893,45
7-Oct-22,0,8007,8007,0,0,0,0,0,0,,0,7988,7900,45
8-Oct-22,0,8007,8007,0,0,0,0,0,0,,0,7994,7900,45
9-Oct-22,0,8007,8007,0,0,0,0,0,0,,0,7997,7900,45
10-Oct-22,0,8007,8007,0,0,0,0,0,0,,0,8001,7911,45
11-Oct-22,0,8007,8007,0,0,0,0,0,0,,0,8004,7911,45
12-Oct-22,0,8007,8007,0,0,0,0,0,0,,0,8010,7911,46
13-Oct-22,0,8007,8007,0,0,0,0,0,0,,0,8017,7919,46
14-Oct-22,0,8007,8007,0,0,0,0,0,0,,0,8024,7925,46
15-Oct-22,0,8007,8007,0,0,0,0,0,0,,0,8031,7925,46
16-Oct-22,0,8007,8007,0,0,0,0,0,0,,0,8032,7925,46
17-Oct-22,0,8007,8007,0,0,0,0,0,0,,0,8034,7936,47
18-Oct-22,0,8007,8007,0,0,0,0,0,0,,0,8035,7948,47
19-Oct-22,0,8007,8007,0,0,0,0,0,0,,0,8036,7948,48
20-Oct-22,0,8007,8007,0,0,0,0,0,0,,0,8040,7948,48
21-Oct-22,0,8007,8007,0,0,0,0,0,0,,0,8042,7956,49
22-Oct-22,0,8007,8007,0,0,0,0,0,0,,0,8047,7956,49
23-Oct-22,0,8007,8007,0,0,0,0,0,0,,0,8048,7956,49
24-Oct-22,0,8007,8007,0,0,0,0,0,0,,0,8051,7956,49
25-Oct-22,0,8007,8007,0,0,0,0,0,0,,0,8057,7965,50
26-Oct-22,0,8007,8007,0,0,0,0,0,0,,0,8060,7970,50
27-Oct-22,0,8007,8007,0,0,0,0,0,0,,0,8062,7975,50
28-Oct-22,0,8007,8007,0,0,0,0,0,0,,0,8068,7975,50
29-Oct-22,0,8007,8007,0,0,0,0,0,0,,0,8072,7975,50
30-Oct-22,0,8007,8007,0,0,0,0,0,0,,0,8076,7975,50
31-Oct-22,0,8007,8007,0,0,0,0,0,0,,0,8078,7975,50
1-Nov-22,0,8007,8007,0,0,0,0,0,0,,0,8080,7975,50
2-Nov-22,0,8007,8007,0,0,0,0,0,0,,0,8088,7990,51
3-Nov-22,0,8007,8007,0,0,0,0,0,0,,0,8096,7990,51
4-Nov-22,0,8007,8007,0,0,0,0,0,0,,0,8105,7990,51
5-Nov-22,0,8007,8007,0,0,0,0,0,0,,0,8108,7990,51
6-Nov-22,0,8007,8007,0,0,0,0,0,0,,0,8114,8005,51
7-Nov-22,0,8007,8007,0,0,0,0,0,0,,0,8118,8018,51
8-Nov-22,0,8007,8007,0,0,0,0,0,0,,0,8119,8023,51
9-Nov-22,0,8007,8007,0,0,0,0,0,0,,0,8123,8027,51
10-Nov-22,0,8007,8007,0,0,0,0,0,0,,0,8131,8032,51
11-Nov-22,0,8007,8007,0,0,0,0,0,0,,0,8141,8036,51
12-Nov-22,0,8007,8007,0,0,0,0,0,0,,0,8146,8036,51
13-Nov-22,0,8007,8007,0,0,0,0,0,0,,0,8146,8036,51
14-Nov-22,0,8007,8007,0,0,0,0,0,0,,0,8150,8045,52
15-Nov-22,0,8007,8007,0,0,0,0,0,0,,0,8159,8052,52
16-Nov-22,0,8007,8007,0,0,0,0,0,0,,0,8168,8052,52
17-Nov-22,0,8007,8007,0,0,0,0,0,0,,0,8174,8052,52
18-Nov-22,0,8007,8007,0,0,0,0,0,0,,0,8180,8062,52
19-Nov-22,0,8007,8007,0,0,0,0,0,0,,0,8189,8077,52
20-Nov-22,0,8007,8007,0,0,0,0,0,0,,0,8191,8077,52
21-Nov-22,0,8007,8007,0,0,0,0,0,0,,0,8193,8085,52
22-Nov-22,0,8007,8007,0,0,0,0,0,0,,0,8194,8088,53
23-Nov-22,0,8007,8007,0,0,0,0,0,0,,0,8209,8091,53
24-Nov-22,0,8007,8007,0,0,0,0,0,0,,0,8220,8102,53
25-Nov-22,0,8007,8007,0,0,0,0,0,0,,0,8229,8109,53
26-Nov-22,0,8007,8007,0,0,0,0,0,0,,0,8230,8109,53
27-Nov-22,0,8007,8007,0,0,0,0,0,0,,0,8238,8114,53
28-Nov-22,0,8007,8007,0,0,0,0,0,0,,0,8238,8129,53
29-Nov-22,0,8007,8007,0,0,0,0,0,0,,0,8249,8144,53
30-Nov-22,0,8007,8007,0,0,0,0,0,0,,0,8254,8154,53
1-Dec-22,0,8007,8007,0,0,0,0,0,0,,0,8262,8154,53
2-Dec-22,0,8007,8007,0,0,0,0,0,0,,0,8270,8159,53
3-Dec-22,0,8007,8007,0,0,0,0,0,0,,0,8275,8165,53
4-Dec-22,0,8007,8007,0,0,0,0,0,0,,0,8279,8165,53
5-Dec-22,0,8007,8007,0,0,0,0,0,0,,0,8280,8168,53
